Amino Acid,3-letter Name,1-Letter Name,Residue Mass (Da)
Methionine,Met,M,131.04049
Phenylalanine,Phe,F,147.06841
Leucine,Leu,L,113.08406
Isoleucine,Ile,I,113.08406
Valine,Val,V,99.06841
Serine,Ser,S,87.03203
Proline,Pro,P,97.05276
Threonine,Thr,T,101.04768
Alanine,Ala,A,71.03711
Tyrosine,Tyr,Y,163.06333
Histidine,His,H,137.05891
Glutamine,Gln,Q,128.05858
Asparagine,Asn,N,114.04293
Lysine,Lys,K,128.09496
Aspartic Acid,Asp,D,115.02694
Glutamic Acid,Glu,E,129.04259
Cysteine,Cys,C,103.00919
Tryptophan,Trp,W,186.07931
Arginine,Arg,R,156.10111
Serine,Ser,S,87.03203
Arginine,Arg,R,156.10111
Glycine,Gly,G,57.02146
